plane_id,manufacturer,model,last_checkup,checkup_before
PH-129,Airbus,F98o,02/03/2017,02/03/2025
PH-130,Airbus,J46l,01/04/2017,01/04/2026
PH-131,Gulfstream,S03t,14/12/2020,14/12/2028
PH-132,Gulfstream,D50t,25/08/2018,25/08/2025
PH-133,Gulfstream,S85e,17/09/2017,17/09/2027
PH-134,Boeing,R37e,14/02/2017,14/02/2023
PH-135,Boeing,U05j,27/01/2016,27/01/2023
PH-136,Embraer,T89w,18/04/2020,18/04/2030
PH-137,Bombardier,S39e,14/01/2016,14/01/2025
PH-138,Embraer,J25c,20/01/2015,20/01/2024
PH-139,Bombardier,S412,22/06/2016,22/06/2022
PH-140,Embraer,D64p,16/02/2018,16/02/2027
PH-141,Embraer,S88f,17/04/2020,17/04/2030
PH-142,Pilatus,X67c,30/06/2016,30/06/2022
PH-143,Embraer,F81v,15/02/2016,15/02/2026
PH-144,Boeing,U15u,27/07/2018,27/07/2023
PH-145,Pilatus,T025,09/11/2015,09/11/2020
PH-146,Embraer,U96a,07/05/2020,07/05/2028
PH-147,Cessna,R170,22/09/2016,22/09/2024
PH-148,Gulfstream,I202,07/06/2015,07/06/2021
PH-149,Boeing,L514,02/11/2016,02/11/2025
PH-150,Embraer,U08z,13/09/2019,13/09/2028
PH-151,Cessna,M111,24/10/2019,24/10/2028
PH-152,Cessna,B74o,15/12/2020,15/12/2027
PH-153,Gulfstream,K53q,01/04/2016,01/04/2025
PH-154,Airbus,L55c,13/02/2020,13/02/2030
PH-155,Cessna,E640,03/06/2015,03/06/2025
PH-156,Gulfstream,T97p,07/12/2015,07/12/2023
PH-157,Airbus,G46f,23/12/2016,23/12/2024
PH-158,Airbus,M39g,22/02/2015,22/02/2024
PH-159,Embraer,M475,05/09/2016,05/09/2024
PH-160,Embraer,F16f,26/12/2017,26/12/2023
PH-161,Cessna,K802,19/05/2017,19/05/2026
PH-162,Pilatus,N33w,28/10/2017,28/10/2025
PH-163,Gulfstream,C793,17/07/2016,17/07/2023
PH-164,Embraer,H56n,12/01/2017,12/01/2025
PH-165,Boeing,J46r,16/01/2017,16/01/2026
PH-166,Bombardier,I767,14/06/2016,14/06/2026
PH-167,Gulfstream,G68h,01/01/2020,01/01/2027
PH-168,Pilatus,W17c,11/05/2020,11/05/2025
PH-169,Embraer,B498,25/06/2016,25/06/2026
PH-170,Bombardier,E87c,05/06/2015,05/06/2025
PH-171,Gulfstream,I92k,30/11/2017,30/11/2022
PH-172,Boeing,C25n,27/08/2017,27/08/2024
PH-173,Bombardier,X35p,12/09/2019,12/09/2027
PH-174,Airbus,R84r,09/02/2018,09/02/2025
PH-175,Airbus,J89m,11/03/2019,11/03/2029
PH-176,Embraer,U831,22/12/2015,22/12/2022
PH-177,Bombardier,D831,12/07/2015,12/07/2024
PH-178,Cessna,P64j,24/11/2015,24/11/2021
PH-179,Bombardier,K165,24/07/2019,24/07/2024
PH-180,Embraer,Q407,07/11/2015,07/11/2022
PH-181,Cessna,G139,10/03/2020,10/03/2026
PH-182,Gulfstream,I36g,01/01/2020,01/01/2027
PH-183,Gulfstream,G34o,11/08/2017,11/08/2026
PH-184,Pilatus,C551,01/07/2018,01/07/2024
PH-185,Cessna,O35x,02/03/2020,02/03/2029
PH-186,Pilatus,W22i,17/12/2020,17/12/2028
PH-187,Pilatus,I38w,27/01/2015,27/01/2021
PH-188,Cessna,E83a,14/06/2020,14/06/2027
PH-189,Airbus,N02o,14/08/2016,14/08/2025
PH-190,Bombardier,Z35r,19/10/2015,19/10/2021
PH-191,Airbus,R27y,28/09/2016,28/09/2025
PH-192,Airbus,H909,18/04/2018,18/04/2026
PH-193,Gulfstream,V58y,14/03/2020,14/03/2026
PH-194,Boeing,P90w,15/07/2015,15/07/2020
PH-195,Cessna,A16w,26/01/2015,26/01/2023
PH-196,Pilatus,Z846,19/09/2020,19/09/2025
PH-197,Cessna,L36z,27/04/2016,27/04/2022
PH-198,Pilatus,V86b,25/08/2016,25/08/2021
PH-199,Boeing,W91o,21/11/2020,21/11/2026
PH-200,Pilatus,I65q,20/03/2015,20/03/2022
PH-201,Cessna,B396,25/05/2017,25/05/2027
PH-202,Bombardier,L23e,03/09/2015,03/09/2020
PH-203,Boeing,B364,29/08/2020,29/08/2030
PH-204,Cessna,N702,20/01/2019,20/01/2028
PH-205,Gulfstream,U70a,18/07/2018,18/07/2023
PH-206,Airbus,X51m,29/04/2019,29/04/2026
PH-207,Bombardier,I58y,12/05/2015,12/05/2021
PH-208,Cessna,H508,05/08/2016,05/08/2024
PH-209,Pilatus,F78v,06/05/2020,06/05/2027
PH-210,Bombardier,Y98o,22/08/2018,22/08/2023
PH-211,Pilatus,H46s,26/08/2016,26/08/2025
PH-212,Pilatus,L84w,01/08/2018,01/08/2023
PH-213,Bombardier,V205,05/10/2016,05/10/2025
PH-214,Embraer,W20w,20/10/2017,20/10/2022
PH-215,Boeing,J47y,31/08/2018,31/08/2023
PH-216,Embraer,S510,05/04/2015,05/04/2025
PH-217,Boeing,S02y,13/04/2016,13/04/2026
PH-218,Airbus,V66t,02/09/2020,02/09/2026
PH-219,Bombardier,P66q,15/06/2020,15/06/2030
PH-220,Boeing,Z66z,02/02/2015,02/02/2022
PH-221,Embraer,I751,25/07/2016,25/07/2026
PH-222,Pilatus,T15w,19/06/2017,19/06/2027
PH-223,Pilatus,B95e,01/11/2020,01/11/2027
PH-224,Bombardier,F31z,12/04/2016,12/04/2023
PH-225,Pilatus,H10m,26/03/2017,26/03/2024
PH-226,Bombardier,R434,20/02/2015,20/02/2020
PH-227,Cessna,L76y,01/08/2017,01/08/2025
PH-228,Gulfstream,I65c,27/12/2019,27/12/2024
PH-229,Embraer,S07l,07/06/2016,07/06/2026
PH-230,Pilatus,Z30r,13/03/2020,13/03/2028
PH-231,Boeing,V12v,18/01/2015,18/01/2022
PH-232,Pilatus,D770,20/02/2020,20/02/2025
PH-233,Gulfstream,O26l,02/05/2015,02/05/2021
PH-234,Embraer,D907,10/10/2018,10/10/2025
PH-235,Airbus,R22r,25/09/2015,25/09/2021
PH-236,Boeing,K295,29/04/2017,29/04/2022
PH-237,Embraer,O815,10/01/2020,10/01/2026
PH-238,Cessna,C57r,18/06/2015,18/06/2021
PH-239,Boeing,J51i,20/11/2017,20/11/2025
PH-240,Gulfstream,K13l,18/03/2018,18/03/2023
PH-241,Pilatus,S07t,20/11/2020,20/11/2029
PH-242,Airbus,M16i,29/01/2017,29/01/2023
PH-243,Pilatus,P717,22/02/2018,22/02/2025
PH-244,Airbus,W87t,21/05/2015,21/05/2022
PH-245,Airbus,G422,04/10/2017,04/10/2025
PH-246,Embraer,H16o,11/04/2016,11/04/2024
PH-247,Airbus,R081,31/05/2015,31/05/2020
PH-248,Airbus,K40b,25/08/2015,25/08/2025
PH-249,Pilatus,R53c,11/02/2017,11/02/2026
PH-250,Cessna,R694,15/01/2017,15/01/2027
PH-251,Cessna,S92y,19/12/2018,19/12/2024
PH-252,Pilatus,V486,07/06/2017,07/06/2024
PH-253,Pilatus,N86p,05/10/2016,05/10/2026
PH-254,Embraer,G66p,06/07/2018,06/07/2025
PH-255,Pilatus,O51h,27/07/2016,27/07/2026
PH-256,Pilatus,T75v,19/11/2020,19/11/2028
PH-257,Gulfstream,T20k,19/06/2019,19/06/2027
PH-258,Pilatus,U75c,25/07/2020,25/07/2028
PH-259,Cessna,R243,21/04/2018,21/04/2028
PH-260,Gulfstream,H85t,10/12/2015,10/12/2023
PH-261,Bombardier,E39n,10/04/2016,10/04/2022
PH-262,Airbus,G52d,24/12/2015,24/12/2020
PH-263,Embraer,V26m,30/07/2020,30/07/2025
PH-264,Boeing,Q05a,31/01/2017,31/01/2022
PH-265,Pilatus,V64v,28/02/2016,28/02/2022
PH-266,Cessna,G84t,25/02/2016,25/02/2023
PH-267,Bombardier,X09n,30/04/2018,30/04/2024
PH-268,Boeing,Z93g,13/08/2017,13/08/2023
PH-269,Bombardier,W84w,06/06/2018,06/06/2023
PH-270,Cessna,T195,20/11/2018,20/11/2024
PH-271,Cessna,I03e,26/10/2016,26/10/2025
PH-272,Embraer,M255,20/06/2020,20/06/2028
PH-273,Boeing,L449,01/05/2016,01/05/2021
PH-274,Cessna,G01f,15/07/2017,15/07/2026
PH-275,Airbus,D704,06/08/2019,06/08/2024
PH-276,Boeing,M171,10/05/2015,10/05/2025
PH-277,Embraer,D47f,07/12/2015,07/12/2023
PH-278,Embraer,Z06m,04/09/2017,04/09/2023
PH-279,Cessna,M75n,02/04/2019,02/04/2025
PH-280,Pilatus,A633,20/08/2020,20/08/2025
PH-281,Cessna,P28q,21/05/2018,21/05/2024
PH-282,Pilatus,M38c,09/05/2019,09/05/2027
PH-283,Bombardier,U08a,25/03/2017,25/03/2023
PH-284,Gulfstream,T06c,08/12/2019,08/12/2025
PH-285,Bombardier,L36g,01/04/2015,01/04/2025
PH-286,Cessna,R06x,17/08/2019,17/08/2027
PH-287,Boeing,L803,08/11/2015,08/11/2020
PH-288,Cessna,F80f,12/12/2019,12/12/2027
PH-289,Bombardier,V10t,20/01/2018,20/01/2027
PH-290,Embraer,V95w,13/04/2015,13/04/2022
PH-291,Embraer,B34c,27/08/2015,27/08/2020
PH-292,Airbus,U641,23/01/2020,23/01/2030
PH-293,Boeing,I394,25/09/2018,25/09/2024
PH-294,Embraer,I75w,01/05/2019,01/05/2025
PH-295,Boeing,P989,10/03/2019,10/03/2026
PH-296,Gulfstream,C590,29/08/2018,29/08/2023
PH-297,Airbus,J861,08/12/2019,08/12/2027
PH-298,Boeing,Z19d,24/09/2020,24/09/2025
PH-299,Gulfstream,Z61m,22/04/2018,22/04/2025
PH-300,Cessna,X45o,05/09/2017,05/09/2026
PH-301,Gulfstream,P670,15/08/2020,15/08/2026
PH-302,Bombardier,H79u,03/01/2018,03/01/2025
PH-303,Pilatus,R11r,07/02/2020,07/02/2025
PH-304,Bombardier,T26s,13/12/2018,13/12/2026
PH-305,Bombardier,V07g,27/08/2018,27/08/2023
PH-306,Cessna,W403,27/12/2016,27/12/2021
PH-307,Cessna,Y94u,21/12/2019,21/12/2028
PH-308,Embraer,I29i,20/05/2017,20/05/2026
PH-309,Pilatus,G00r,15/07/2018,15/07/2028
PH-310,Pilatus,R139,16/09/2015,16/09/2023
PH-311,Pilatus,T71x,20/04/2016,20/04/2023
PH-312,Airbus,B929,12/01/2015,12/01/2022
PH-313,Airbus,M709,04/12/2017,04/12/2025
PH-314,Gulfstream,G91q,01/09/2019,01/09/2028
PH-315,Bombardier,F19b,26/01/2016,26/01/2024
PH-316,Boeing,H60y,26/06/2017,26/06/2022
PH-317,Cessna,T40f,27/12/2015,27/12/2022
PH-318,Cessna,K782,14/11/2020,14/11/2027
PH-319,Boeing,U62f,21/08/2020,21/08/2025
PH-320,Cessna,R829,13/09/2020,13/09/2025
PH-321,Bombardier,I27n,03/09/2016,03/09/2024
PH-322,Cessna,X192,24/08/2019,24/08/2024
PH-323,Boeing,C28c,19/03/2019,19/03/2027
PH-324,Bombardier,O85y,28/12/2019,28/12/2025
PH-325,Pilatus,S86w,23/04/2018,23/04/2023
PH-326,Embraer,W46p,30/05/2017,30/05/2024
PH-327,Embraer,F63j,16/08/2018,16/08/2025
PH-328,Boeing,N623,12/05/2015,12/05/2020
PH-329,Boeing,Z750,19/03/2017,19/03/2022
PH-330,Boeing,J98t,09/07/2020,09/07/2025
PH-331,Bombardier,H35e,24/09/2019,24/09/2028
PH-332,Cessna,Y59h,19/02/2017,19/02/2026
PH-333,Gulfstream,W15q,29/11/2018,29/11/2024
PH-334,Pilatus,N914,03/03/2017,03/03/2025
PH-335,Pilatus,D85y,25/04/2015,25/04/2025
PH-336,Pilatus,X23s,13/06/2017,13/06/2023
PH-337,Bombardier,N85k,07/04/2017,07/04/2024
PH-338,Bombardier,B00i,20/01/2016,20/01/2021
PH-339,Cessna,E08v,18/02/2016,18/02/2021
PH-340,Airbus,R38c,10/06/2018,10/06/2025
PH-341,Gulfstream,Y76t,29/03/2019,29/03/2025
PH-342,Airbus,S456,22/04/2018,22/04/2024
PH-343,Cessna,X92y,20/08/2016,20/08/2023
PH-344,Cessna,R426,26/05/2016,26/05/2024
PH-345,Pilatus,V58b,06/11/2018,06/11/2028
PH-346,Airbus,M88q,24/10/2020,24/10/2025
PH-347,Boeing,O827,20/09/2016,20/09/2023
PH-348,Bombardier,E89z,20/01/2015,20/01/2021
PH-349,Boeing,Q72q,25/05/2015,25/05/2022
PH-350,Boeing,Q66u,10/08/2016,10/08/2023
PH-351,Gulfstream,O56i,27/01/2017,27/01/2027
PH-352,Bombardier,E728,08/10/2018,08/10/2023
PH-353,Pilatus,N035,29/06/2017,29/06/2024
PH-354,Embraer,Z34h,19/02/2016,19/02/2024
PH-355,Boeing,W27s,29/04/2018,29/04/2024
PH-356,Gulfstream,N61m,24/01/2015,24/01/2022
PH-357,Cessna,O84a,21/03/2016,21/03/2021
PH-358,Cessna,L26g,27/04/2018,27/04/2028
PH-359,Gulfstream,V342,08/01/2019,08/01/2029
PH-360,Embraer,G101,09/03/2017,09/03/2022
PH-361,Pilatus,U574,27/09/2015,27/09/2022
PH-362,Boeing,H20v,01/09/2018,01/09/2027
PH-363,Embraer,J57q,29/04/2020,29/04/2026
PH-364,Boeing,M95i,26/03/2015,26/03/2020
PH-365,Bombardier,X91t,08/08/2019,08/08/2028
PH-366,Bombardier,Z52s,12/09/2019,12/09/2028
PH-367,Embraer,I82w,26/03/2019,26/03/2026
PH-368,Boeing,X67g,11/11/2018,11/11/2026
PH-369,Bombardier,Q94n,02/08/2017,02/08/2022
PH-370,Boeing,Z50r,04/10/2018,04/10/2028
PH-371,Airbus,U93l,04/02/2017,04/02/2022
PH-372,Bombardier,Q460,23/01/2015,23/01/2021
PH-373,Embraer,Z06v,08/04/2019,08/04/2024
PH-374,Bombardier,M99z,25/06/2018,25/06/2028
PH-375,Boeing,X96q,11/12/2016,11/12/2022
PH-376,Bombardier,U86t,25/06/2015,25/06/2020
PH-377,Gulfstream,N402,21/01/2020,21/01/2030
PH-378,Cessna,J253,24/08/2018,24/08/2024
PH-379,Boeing,W46w,17/03/2017,17/03/2026
PH-380,Airbus,Q76w,14/03/2019,14/03/2027
PH-381,Pilatus,V82l,06/04/2020,06/04/2028
PH-382,Embraer,Z01e,17/03/2016,17/03/2024
PH-383,Gulfstream,J118,08/04/2018,08/04/2023
PH-384,Gulfstream,I56v,29/03/2019,29/03/2026
PH-385,Gulfstream,J676,01/05/2015,01/05/2023
PH-386,Pilatus,G676,13/11/2019,13/11/2025
PH-387,Embraer,F762,11/09/2020,11/09/2028
PH-388,Cessna,E14u,28/10/2019,28/10/2025
PH-389,Gulfstream,X32a,25/09/2018,25/09/2025
PH-390,Gulfstream,J59q,24/12/2018,24/12/2024
PH-391,Bombardier,V27w,16/05/2020,16/05/2029
PH-392,Cessna,U111,26/03/2018,26/03/2026
PH-393,Gulfstream,D96h,01/01/2017,01/01/2024
PH-394,Boeing,H47d,22/07/2015,22/07/2022
PH-395,Cessna,Q60f,25/04/2017,25/04/2026
PH-396,Gulfstream,Y938,25/08/2019,25/08/2027
PH-397,Bombardier,U933,02/06/2016,02/06/2026
PH-398,Airbus,T12u,15/09/2020,15/09/2026
PH-399,Airbus,O096,06/08/2015,06/08/2022
PH-400,Cessna,A51h,25/07/2018,25/07/2025
PH-401,Embraer,A77y,19/05/2019,19/05/2027
PH-402,Cessna,T40j,03/10/2018,03/10/2026
PH-403,Boeing,F46p,04/04/2016,04/04/2021
PH-404,Gulfstream,S14x,13/08/2020,13/08/2028
PH-405,Cessna,N08r,14/09/2019,14/09/2026
PH-406,Bombardier,U16r,16/04/2020,16/04/2025
PH-407,Embraer,J932,02/11/2020,02/11/2026
PH-408,Bombardier,Y12w,11/01/2017,11/01/2024
PH-409,Boeing,I62n,22/08/2015,22/08/2023
PH-410,Gulfstream,L913,08/09/2016,08/09/2025
PH-411,Bombardier,Y738,15/04/2015,15/04/2025
PH-412,Airbus,V42s,20/04/2018,20/04/2024
PH-413,Boeing,B87j,15/02/2019,15/02/2027
PH-414,Cessna,Y71m,05/11/2020,05/11/2028
PH-415,Airbus,A145,10/11/2019,10/11/2024
PH-416,Cessna,S11m,15/01/2016,15/01/2021
PH-417,Cessna,F81q,20/06/2019,20/06/2029
PH-418,Embraer,Z76x,13/07/2019,13/07/2027
PH-419,Cessna,P88y,01/04/2017,01/04/2024
PH-420,Cessna,Z166,15/02/2015,15/02/2022
PH-421,Embraer,P13e,08/06/2016,08/06/2024
PH-422,Embraer,I889,01/06/2019,01/06/2028
PH-423,Airbus,Q58t,12/07/2016,12/07/2024
PH-424,Boeing,J90a,05/01/2019,05/01/2024
PH-425,Airbus,L74b,18/11/2017,18/11/2024
PH-426,Boeing,E43p,13/11/2016,13/11/2022
PH-427,Boeing,U98c,02/04/2016,02/04/2026
PH-428,Bombardier,H53f,22/04/2019,22/04/2026
PH-429,Boeing,P06h,18/05/2018,18/05/2027
PH-430,Bombardier,V78e,05/08/2016,05/08/2022
PH-431,Gulfstream,K00w,05/10/2018,05/10/2024
PH-432,Pilatus,H38r,05/11/2015,05/11/2024
PH-433,Bombardier,F84d,12/11/2018,12/11/2027
PH-434,Cessna,V11p,21/11/2017,21/11/2022
PH-435,Pilatus,X497,18/08/2015,18/08/2022
PH-436,Embraer,T447,22/04/2018,22/04/2025
PH-437,Cessna,J32d,13/02/2018,13/02/2023
PH-438,Airbus,F58c,03/12/2017,03/12/2027
PH-439,Bombardier,A400,02/10/2020,02/10/2028
PH-440,Bombardier,F70p,20/08/2019,20/08/2027
PH-441,Pilatus,K493,14/01/2018,14/01/2025
PH-442,Pilatus,A77x,01/03/2016,01/03/2023
PH-443,Embraer,V32n,27/04/2020,27/04/2025
PH-444,Cessna,Y236,22/02/2017,22/02/2025
PH-445,Bombardier,E75x,28/07/2017,28/07/2025
PH-446,Airbus,G229,26/08/2016,26/08/2021
PH-447,Gulfstream,N572,10/08/2017,10/08/2024
PH-448,Airbus,W383,08/02/2018,08/02/2023
PH-449,Bombardier,K484,10/04/2016,10/04/2026
PH-450,Cessna,M30o,28/07/2016,28/07/2022
PH-451,Boeing,R87e,16/03/2015,16/03/2023
PH-452,Gulfstream,N92r,10/02/2016,10/02/2022
PH-453,Gulfstream,V00c,18/03/2019,18/03/2027
PH-454,Pilatus,J70l,01/09/2018,01/09/2027
PH-455,Gulfstream,Q98s,28/09/2017,28/09/2025
PH-456,Boeing,I241,24/03/2015,24/03/2023
PH-457,Pilatus,T99w,02/01/2016,02/01/2026
PH-458,Bombardier,X24r,11/05/2018,11/05/2027
PH-459,Pilatus,T26p,29/07/2016,29/07/2021
PH-460,Bombardier,Y79q,25/10/2016,25/10/2026
PH-461,Boeing,L23e,06/06/2019,06/06/2024
PH-462,Embraer,Y762,16/07/2016,16/07/2024
PH-463,Cessna,K29v,15/01/2020,15/01/2028
PH-464,Gulfstream,H14i,26/12/2015,26/12/2025
PH-465,Pilatus,V27j,28/02/2020,28/02/2027
PH-466,Boeing,V79y,04/07/2015,04/07/2023
PH-467,Embraer,J562,26/10/2020,26/10/2028
PH-468,Bombardier,F55s,20/06/2016,20/06/2022
PH-469,Embraer,A251,29/07/2017,29/07/2027
PH-470,Bombardier,R68u,19/03/2019,19/03/2026
PH-471,Pilatus,O669,02/10/2019,02/10/2026
PH-472,Boeing,M672,10/10/2015,10/10/2020
PH-473,Airbus,K24a,18/08/2020,18/08/2029
PH-474,Embraer,V95u,13/04/2016,13/04/2026
PH-475,Embraer,D79t,19/03/2020,19/03/2027
PH-476,Boeing,Y584,30/10/2017,30/10/2024
PH-477,Bombardier,D216,22/04/2020,22/04/2030
PH-478,Boeing,X33t,29/08/2019,29/08/2026
PH-479,Pilatus,I70o,19/08/2016,19/08/2022
PH-480,Pilatus,H67k,08/05/2017,08/05/2024
PH-481,Embraer,V014,11/08/2015,11/08/2022
PH-482,Pilatus,X55t,19/09/2016,19/09/2026
PH-483,Cessna,V42s,15/06/2020,15/06/2027
PH-484,Cessna,T715,24/12/2018,24/12/2027
PH-485,Pilatus,P20c,10/12/2017,10/12/2023
PH-486,Embraer,O80b,22/06/2017,22/06/2027
PH-487,Cessna,E34c,07/10/2020,07/10/2028
PH-488,Embraer,Y60s,29/11/2019,29/11/2024
PH-489,Gulfstream,W32c,02/12/2018,02/12/2028
PH-490,Embraer,I21p,23/06/2019,23/06/2029
PH-491,Boeing,H400,26/08/2015,26/08/2024
PH-492,Boeing,U08x,01/07/2015,01/07/2024
PH-493,Airbus,B81b,11/07/2015,11/07/2022
PH-494,Airbus,D58d,25/11/2020,25/11/2030
PH-495,Pilatus,C47q,03/03/2018,03/03/2023
PH-496,Boeing,G175,04/07/2017,04/07/2026
PH-497,Airbus,J84l,09/06/2018,09/06/2026
PH-498,Embraer,N10e,08/06/2020,08/06/2027
PH-499,Bombardier,M678,22/08/2020,22/08/2027
PH-500,Bombardier,I576,08/03/2015,08/03/2020
PH-501,Pilatus,V81j,02/12/2016,02/12/2026
PH-502,Boeing,A20s,01/03/2020,01/03/2025
PH-503,Cessna,C08e,03/12/2019,03/12/2025
PH-504,Boeing,A31m,05/08/2015,05/08/2023
PH-505,Boeing,N11a,11/08/2019,11/08/2024
PH-506,Gulfstream,R66w,06/05/2019,06/05/2025
PH-507,Embraer,X77k,15/06/2018,15/06/2025
PH-508,Embraer,H83o,19/02/2020,19/02/2026
PH-509,Bombardier,T82m,22/08/2019,22/08/2024
PH-510,Gulfstream,D53b,16/12/2016,16/12/2021
PH-511,Pilatus,F69u,29/04/2015,29/04/2023
PH-512,Cessna,E36z,03/12/2015,03/12/2025
PH-513,Boeing,W95r,19/11/2016,19/11/2025
PH-514,Cessna,L33s,23/12/2015,23/12/2023
PH-515,Boeing,O355,12/08/2019,12/08/2028
PH-516,Airbus,W10j,22/01/2018,22/01/2027
PH-517,Pilatus,V221,22/10/2019,22/10/2028
PH-518,Pilatus,O11c,05/11/2015,05/11/2020
PH-519,Pilatus,O84m,25/07/2015,25/07/2021
PH-520,Boeing,Q151,07/03/2018,07/03/2023
PH-521,Pilatus,V51o,17/05/2017,17/05/2026
PH-522,Airbus,K09w,16/12/2017,16/12/2026
PH-523,Pilatus,U502,29/05/2015,29/05/2024
PH-524,Cessna,G67i,15/04/2017,15/04/2022
PH-525,Pilatus,H929,28/07/2018,28/07/2028
PH-526,Pilatus,C99i,02/01/2020,02/01/2029
PH-527,Boeing,P56f,08/04/2020,08/04/2025
PH-528,Cessna,F070,30/09/2019,30/09/2029
PH-529,Bombardier,W436,18/11/2020,18/11/2027
PH-530,Embraer,N231,20/04/2015,20/04/2023
PH-531,Boeing,G99t,11/04/2016,11/04/2021
PH-532,Cessna,P756,16/03/2020,16/03/2030
PH-533,Airbus,I62a,26/10/2020,26/10/2026
PH-534,Bombardier,W99y,22/11/2020,22/11/2026
PH-535,Embraer,K005,17/04/2015,17/04/2020
PH-536,Boeing,Q69u,05/06/2017,05/06/2025
PH-537,Cessna,K94c,23/09/2017,23/09/2022
PH-538,Boeing,Z94r,12/05/2015,12/05/2022
PH-539,Pilatus,A35c,10/08/2017,10/08/2024
PH-540,Bombardier,E72d,06/09/2016,06/09/2022
PH-541,Pilatus,E76x,15/12/2015,15/12/2024
PH-542,Cessna,K56k,11/04/2018,11/04/2028
PH-543,Bombardier,R70z,11/10/2017,11/10/2024
PH-544,Cessna,Q922,01/08/2020,01/08/2030
PH-545,Airbus,E58u,23/05/2016,23/05/2021
PH-546,Pilatus,M52p,30/05/2020,30/05/2027
PH-547,Boeing,T82t,17/10/2020,17/10/2029
PH-548,Pilatus,G97f,17/11/2020,17/11/2026
PH-549,Cessna,K021,05/04/2020,05/04/2025
PH-550,Embraer,I67p,09/12/2017,09/12/2023
PH-551,Pilatus,V05p,31/12/2016,31/12/2025
PH-552,Bombardier,U49b,19/01/2019,19/01/2028
PH-553,Embraer,E165,29/10/2016,29/10/2026
PH-554,Embraer,Z01p,12/09/2016,12/09/2024
PH-555,Boeing,G857,23/03/2016,23/03/2023
PH-556,Airbus,Z54l,17/05/2020,17/05/2025
PH-557,Bombardier,E24l,29/10/2017,29/10/2025
PH-558,Gulfstream,R263,29/03/2018,29/03/2027
PH-559,Boeing,K95i,28/07/2018,28/07/2026
PH-560,Bombardier,L51a,14/03/2020,14/03/2030
PH-561,Bombardier,Z139,17/04/2015,17/04/2022
PH-562,Gulfstream,W645,20/08/2017,20/08/2022
PH-563,Pilatus,W516,26/07/2019,26/07/2024
PH-564,Bombardier,R44b,21/10/2016,21/10/2022
PH-565,Cessna,C14l,12/07/2015,12/07/2020
PH-566,Boeing,O665,26/11/2015,26/11/2022
PH-567,Gulfstream,A39o,29/08/2020,29/08/2029
PH-568,Boeing,G767,09/03/2018,09/03/2027
PH-569,Cessna,B868,28/06/2020,28/06/2026
PH-570,Gulfstream,V97m,20/02/2018,20/02/2025
PH-571,Airbus,M432,12/01/2015,12/01/2022
PH-572,Gulfstream,Q35j,13/03/2015,13/03/2024
PH-573,Boeing,R58s,16/09/2017,16/09/2025
PH-574,Airbus,E866,07/10/2015,07/10/2021
PH-575,Pilatus,D694,29/08/2016,29/08/2026
PH-576,Cessna,T62g,16/06/2015,16/06/2021
PH-577,Embraer,T521,15/12/2015,15/12/2020
PH-578,Bombardier,X86t,28/03/2015,28/03/2020
PH-579,Bombardier,F635,07/10/2016,07/10/2024
PH-580,Cessna,N09u,09/02/2020,09/02/2030
PH-581,Embraer,R841,16/12/2017,16/12/2022
PH-582,Cessna,H93k,12/02/2015,12/02/2023
PH-583,Cessna,N49n,02/04/2019,02/04/2029
PH-584,Boeing,U24n,04/01/2016,04/01/2022
PH-585,Embraer,Z95e,20/05/2017,20/05/2022
PH-586,Boeing,G00l,15/06/2018,15/06/2027
PH-587,Boeing,R461,19/08/2016,19/08/2024
PH-588,Embraer,T19s,26/04/2020,26/04/2029
PH-589,Bombardier,D99f,21/06/2020,21/06/2025
PH-590,Airbus,T809,17/05/2016,17/05/2025
PH-591,Boeing,S866,30/08/2018,30/08/2023
PH-592,Embraer,X91p,20/01/2020,20/01/2025
PH-593,Airbus,I56v,15/10/2016,15/10/2025
PH-594,Pilatus,N53q,31/03/2016,31/03/2026
PH-595,Bombardier,G68f,15/04/2019,15/04/2024
PH-596,Embraer,B25e,06/02/2020,06/02/2029
PH-597,Boeing,M672,27/01/2019,27/01/2029
PH-598,Boeing,Y47e,10/10/2018,10/10/2024
PH-599,Bombardier,I81c,14/05/2015,14/05/2025
PH-600,Embraer,N935,13/04/2018,13/04/2026
PH-601,Airbus,Y79z,13/03/2020,13/03/2026
PH-602,Boeing,J55m,12/03/2015,12/03/2021
PH-603,Embraer,V817,10/12/2017,10/12/2024
PH-604,Gulfstream,L38w,09/04/2015,09/04/2020
PH-605,Bombardier,R29d,20/09/2015,20/09/2021
PH-606,Cessna,A177,02/11/2019,02/11/2025
PH-607,Embraer,U94a,23/11/2019,23/11/2024
PH-608,Cessna,A66a,24/09/2015,24/09/2022
PH-609,Airbus,X364,18/09/2015,18/09/2025
PH-610,Pilatus,V24a,08/07/2020,08/07/2030
PH-611,Cessna,I68l,27/08/2017,27/08/2022
PH-612,Embraer,D293,14/07/2020,14/07/2027
PH-613,Airbus,U346,06/01/2015,06/01/2022
PH-614,Gulfstream,H64a,23/05/2019,23/05/2026
PH-615,Cessna,C60w,17/03/2017,17/03/2025
PH-616,Pilatus,O86k,16/06/2017,16/06/2024
PH-617,Boeing,D06a,27/05/2018,27/05/2023
PH-618,Pilatus,I88o,29/03/2019,29/03/2028
PH-619,Pilatus,Z09y,18/12/2016,18/12/2025
PH-620,Airbus,L80u,05/05/2017,05/05/2026
PH-621,Pilatus,C06v,28/12/2017,28/12/2025
PH-622,Bombardier,E51c,30/09/2015,30/09/2024
PH-623,Airbus,B548,27/09/2020,27/09/2025
PH-624,Boeing,L296,15/11/2020,15/11/2027
PH-625,Boeing,Q90k,22/06/2017,22/06/2027
PH-626,Embraer,D10f,14/03/2018,14/03/2023
PH-627,Bombardier,F25t,14/08/2020,14/08/2025
PH-628,Pilatus,Q84q,24/01/2019,24/01/2027
PH-629,Airbus,M14l,06/04/2018,06/04/2026
PH-630,Gulfstream,C26e,12/06/2016,12/06/2026
PH-631,Bombardier,E81e,16/11/2018,16/11/2024
PH-632,Embraer,Y41d,12/08/2018,12/08/2024
PH-633,Airbus,Y475,23/02/2015,23/02/2021
PH-634,Embraer,Q62p,04/04/2015,04/04/2022
PH-635,Pilatus,V470,22/03/2015,22/03/2021
PH-636,Cessna,B16n,04/06/2020,04/06/2030
PH-637,Bombardier,W455,15/07/2016,15/07/2023
PH-638,Airbus,M91c,14/09/2020,14/09/2029
PH-639,Embraer,I99f,29/02/2016,28/02/2025
PH-640,Airbus,I207,10/06/2020,10/06/2026
PH-641,Embraer,Q42w,03/12/2017,03/12/2022
PH-642,Gulfstream,X25y,07/12/2019,07/12/2027
PH-643,Embraer,D74a,12/04/2015,12/04/2025
PH-644,Cessna,A289,17/08/2016,17/08/2021
PH-645,Airbus,E94x,06/06/2017,06/06/2027
PH-646,Embraer,D56m,17/05/2019,17/05/2029
PH-647,Airbus,V67r,28/04/2018,28/04/2028
PH-648,Gulfstream,D511,17/05/2017,17/05/2023
PH-649,Pilatus,V657,17/02/2017,17/02/2022
PH-650,Gulfstream,G86b,20/01/2020,20/01/2028
PH-651,Boeing,G94i,28/11/2016,28/11/2023
PH-652,Pilatus,A750,20/10/2018,20/10/2027
PH-653,Airbus,K44d,12/03/2018,12/03/2026
PH-654,Cessna,F23w,02/10/2016,02/10/2023
PH-655,Boeing,C223,11/06/2016,11/06/2023
PH-656,Bombardier,A57m,17/11/2020,17/11/2028
PH-657,Embraer,D833,22/07/2015,22/07/2025
PH-658,Cessna,E07r,07/04/2017,07/04/2023
PH-659,Airbus,W28z,09/10/2016,09/10/2022
PH-660,Embraer,L677,19/12/2017,19/12/2024
PH-661,Bombardier,Q80p,08/05/2015,08/05/2020
PH-662,Airbus,I22d,31/08/2019,31/08/2025
PH-663,Bombardier,D85j,15/04/2019,15/04/2026
PH-664,Cessna,S06n,01/12/2018,01/12/2028
PH-665,Bombardier,L78a,20/11/2018,20/11/2024
PH-666,Pilatus,F793,27/07/2016,27/07/2026
PH-667,Embraer,Z348,26/01/2015,26/01/2020
PH-668,Pilatus,K03t,12/08/2016,12/08/2022
PH-669,Embraer,B880,01/06/2015,01/06/2021
PH-670,Gulfstream,Z858,07/02/2018,07/02/2023
PH-671,Airbus,H06y,25/12/2019,25/12/2027
PH-672,Gulfstream,N85i,28/04/2019,28/04/2025
PH-673,Bombardier,R66z,05/12/2019,05/12/2026
PH-674,Cessna,H94e,18/03/2020,18/03/2026
PH-675,Embraer,W71p,19/03/2019,19/03/2027
PH-676,Boeing,F470,02/09/2015,02/09/2023
PH-677,Boeing,J71w,18/05/2019,18/05/2028
PH-678,Boeing,U824,25/02/2018,25/02/2023
PH-679,Boeing,W15w,25/07/2018,25/07/2024
PH-680,Bombardier,D270,29/08/2018,29/08/2025
PH-681,Gulfstream,O99k,09/07/2016,09/07/2022
PH-682,Bombardier,J90a,07/04/2016,07/04/2022
PH-683,Airbus,M77r,03/02/2019,03/02/2029
PH-684,Bombardier,N94r,05/06/2017,05/06/2027
PH-685,Boeing,Y06p,25/11/2017,25/11/2022
PH-686,Embraer,N118,09/08/2017,09/08/2026
PH-687,Bombardier,R38e,26/08/2016,26/08/2025
PH-688,Boeing,R06h,17/01/2018,17/01/2028
PH-689,Pilatus,E938,08/08/2016,08/08/2023
PH-690,Cessna,I39d,27/12/2018,27/12/2027
PH-691,Airbus,B639,23/06/2015,23/06/2024
PH-692,Embraer,T53x,07/10/2020,07/10/2026
PH-693,Bombardier,K89m,25/08/2019,25/08/2024
PH-694,Bombardier,K655,09/05/2018,09/05/2027
PH-695,Pilatus,I98c,08/05/2016,08/05/2024
PH-696,Gulfstream,Z62u,26/07/2018,26/07/2028
PH-697,Gulfstream,S86v,16/12/2019,16/12/2025
PH-698,Cessna,J92i,18/10/2017,18/10/2025
PH-699,Pilatus,L61p,03/06/2015,03/06/2024
PH-700,Bombardier,F61p,04/12/2018,04/12/2024
PH-701,Gulfstream,F62t,21/04/2018,21/04/2025
PH-702,Cessna,E587,13/09/2015,13/09/2025
PH-703,Boeing,E93v,06/08/2018,06/08/2023
PH-704,Embraer,Z362,14/03/2019,14/03/2028
PH-705,Airbus,K37d,28/06/2020,28/06/2029
PH-706,Bombardier,L569,13/09/2016,13/09/2026
PH-707,Embraer,A274,19/08/2019,19/08/2024
PH-708,Gulfstream,V208,17/09/2019,17/09/2025
PH-709,Gulfstream,A13n,15/10/2018,15/10/2023
PH-710,Bombardier,X92y,11/04/2020,11/04/2026
PH-711,Gulfstream,L59n,06/03/2015,06/03/2025
PH-712,Embraer,Q645,16/04/2018,16/04/2028
PH-713,Gulfstream,T678,19/07/2019,19/07/2027
PH-714,Bombardier,Z88s,18/08/2018,18/08/2023
PH-715,Airbus,P050,10/07/2018,10/07/2027
PH-716,Embraer,K06u,22/10/2016,22/10/2025
PH-717,Boeing,R32e,11/09/2018,11/09/2025
PH-718,Cessna,F64o,30/07/2017,30/07/2027
PH-719,Embraer,Z543,20/10/2017,20/10/2024
PH-720,Airbus,H868,19/04/2017,19/04/2024
PH-721,Bombardier,M688,03/11/2018,03/11/2026
PH-722,Cessna,C561,27/06/2017,27/06/2027
PH-723,Cessna,K15q,25/06/2015,25/06/2025
PH-724,Embraer,E14e,06/11/2020,06/11/2027
PH-725,Airbus,N14e,14/06/2017,14/06/2025
PH-726,Boeing,V20b,13/07/2019,13/07/2025
PH-727,Bombardier,Q84b,16/07/2019,16/07/2028
PH-728,Bombardier,K23z,04/06/2020,04/06/2030
PH-729,Gulfstream,Y50o,10/07/2017,10/07/2025
PH-730,Boeing,N05r,30/05/2020,30/05/2027
PH-731,Cessna,F75n,25/02/2020,25/02/2026
PH-732,Airbus,N528,04/12/2019,04/12/2025
PH-733,Airbus,F69h,26/03/2016,26/03/2024
PH-734,Airbus,N02d,09/02/2017,09/02/2026
PH-735,Cessna,R117,05/05/2015,05/05/2024
PH-736,Airbus,O953,13/12/2020,13/12/2028
PH-737,Gulfstream,F70n,23/02/2015,23/02/2025
PH-738,Cessna,M98v,27/06/2017,27/06/2027
PH-739,Embraer,S53f,21/10/2017,21/10/2022
PH-740,Cessna,E51s,23/06/2018,23/06/2025
PH-741,Embraer,W12w,22/02/2015,22/02/2025
PH-742,Cessna,N54j,14/06/2019,14/06/2028
PH-743,Gulfstream,V90o,18/08/2020,18/08/2028
PH-744,Airbus,D38f,29/11/2018,29/11/2025
PH-745,Pilatus,A86l,03/04/2015,03/04/2023
PH-746,Gulfstream,S13p,04/08/2020,04/08/2030
PH-747,Embraer,R54g,25/02/2020,25/02/2030
PH-748,Boeing,R417,06/07/2015,06/07/2022
PH-749,Gulfstream,U26s,25/03/2020,25/03/2028
PH-750,Gulfstream,P44u,03/03/2020,03/03/2030
PH-751,Embraer,G77i,23/03/2015,23/03/2020
PH-752,Cessna,W55v,19/02/2020,19/02/2029
PH-753,Cessna,N52l,17/03/2015,17/03/2020
PH-754,Boeing,W580,20/03/2018,20/03/2028
PH-755,Pilatus,J02q,10/11/2016,10/11/2023
PH-756,Gulfstream,C58y,08/12/2016,08/12/2023
PH-757,Boeing,Y51d,04/09/2020,04/09/2025
PH-758,Cessna,T146,02/01/2016,02/01/2026
PH-759,Gulfstream,Q76b,17/12/2020,17/12/2028
PH-760,Boeing,E174,16/04/2015,16/04/2022
PH-761,Gulfstream,A53f,22/01/2016,22/01/2021
PH-762,Cessna,R274,08/10/2016,08/10/2021
PH-763,Gulfstream,D72k,01/12/2019,01/12/2026
PH-764,Airbus,Z79c,07/10/2017,07/10/2026
PH-765,Embraer,Q34u,22/01/2015,22/01/2024
PH-766,Gulfstream,M99s,17/11/2019,17/11/2024
PH-767,Bombardier,K358,05/01/2018,05/01/2023
PH-768,Gulfstream,Q27r,22/06/2017,22/06/2025
PH-769,Cessna,M84a,27/06/2015,27/06/2023
PH-770,Boeing,P48l,23/07/2017,23/07/2024
PH-771,Bombardier,G716,13/07/2018,13/07/2023
PH-772,Pilatus,C415,09/11/2019,09/11/2028
PH-773,Embraer,R738,27/06/2020,27/06/2029
PH-774,Cessna,T152,29/09/2017,29/09/2027
PH-775,Boeing,E40u,04/09/2017,04/09/2025
PH-776,Embraer,P87h,03/07/2017,03/07/2026
PH-777,Boeing,O58b,24/07/2015,24/07/2022
PH-778,Bombardier,X79d,21/11/2018,21/11/2026
PH-779,Embraer,N794,21/09/2017,21/09/2024
PH-780,Pilatus,U73q,28/06/2018,28/06/2024
PH-781,Bombardier,E33d,09/07/2019,09/07/2024
PH-782,Cessna,Z08y,14/03/2019,14/03/2027
PH-783,Airbus,A24r,26/03/2015,26/03/2024
PH-784,Embraer,P61t,05/10/2016,05/10/2024
PH-785,Airbus,C44v,10/12/2017,10/12/2022
PH-786,Airbus,H85v,19/12/2015,19/12/2020
PH-787,Gulfstream,X202,07/04/2017,07/04/2023
PH-788,Pilatus,H59p,12/12/2018,12/12/2028
PH-789,Cessna,K75j,04/04/2017,04/04/2022
PH-790,Cessna,C83t,01/10/2018,01/10/2028
PH-791,Airbus,G53c,19/08/2019,19/08/2028
PH-792,Embraer,L243,30/06/2018,30/06/2026
PH-793,Cessna,L84v,22/04/2015,22/04/2024
PH-794,Airbus,Y67j,21/03/2020,21/03/2029
PH-795,Airbus,H55p,10/12/2018,10/12/2024
PH-796,Embraer,J24m,21/12/2020,21/12/2028
PH-797,Embraer,X300,29/01/2019,29/01/2024
PH-798,Embraer,Y98e,01/01/2019,01/01/2029
PH-799,Cessna,L311,17/10/2016,17/10/2025
PH-800,Boeing,V29h,22/07/2018,22/07/2024
PH-801,Embraer,U765,27/01/2017,27/01/2026
PH-802,Embraer,H14q,06/06/2017,06/06/2023
PH-803,Boeing,Q389,05/01/2019,05/01/2027
PH-804,Gulfstream,K940,10/01/2019,10/01/2025
PH-805,Gulfstream,M49w,26/08/2015,26/08/2022
PH-806,Gulfstream,M34e,30/04/2020,30/04/2027
PH-807,Airbus,Y494,16/04/2019,16/04/2028
PH-808,Gulfstream,O52v,11/06/2018,11/06/2025
PH-809,Pilatus,A05u,15/10/2017,15/10/2027
PH-810,Boeing,I44r,06/12/2019,06/12/2025
PH-811,Airbus,A145,12/04/2019,12/04/2024
PH-812,Pilatus,T71q,09/05/2018,09/05/2023
PH-813,Boeing,N09s,12/03/2019,12/03/2027
PH-814,Bombardier,F33g,08/01/2018,08/01/2027
PH-815,Airbus,C55o,07/01/2017,07/01/2027
PH-816,Embraer,J75j,18/08/2020,18/08/2028
PH-817,Airbus,P87j,27/02/2020,27/02/2025
PH-818,Airbus,L34h,25/03/2015,25/03/2025
PH-819,Cessna,D89a,16/08/2018,16/08/2025
PH-820,Airbus,F04m,21/11/2016,21/11/2023
PH-821,Cessna,P919,18/07/2016,18/07/2022
PH-822,Bombardier,F18r,20/06/2015,20/06/2025
PH-823,Embraer,B58c,08/11/2020,08/11/2028
PH-824,Embraer,J179,21/04/2018,21/04/2028
PH-825,Pilatus,U90u,29/09/2016,29/09/2025
PH-826,Pilatus,N29w,04/11/2016,04/11/2025
PH-827,Embraer,O84n,11/12/2020,11/12/2025
PH-828,Boeing,Q633,22/01/2019,22/01/2027
PH-829,Pilatus,I59w,18/01/2019,18/01/2029
PH-830,Airbus,G108,04/07/2018,04/07/2024
PH-831,Airbus,W151,12/01/2017,12/01/2027
PH-832,Boeing,P585,15/06/2020,15/06/2027
PH-833,Embraer,A59l,20/09/2018,20/09/2026
PH-834,Gulfstream,Z628,14/12/2018,14/12/2024
PH-835,Embraer,H23o,22/08/2016,22/08/2021
PH-836,Gulfstream,A70x,23/02/2019,23/02/2027
PH-837,Pilatus,U34c,21/10/2018,21/10/2026
PH-838,Airbus,Y21w,09/04/2020,09/04/2026
PH-839,Airbus,W32z,25/04/2015,25/04/2020
PH-840,Bombardier,P09n,30/07/2016,30/07/2025
PH-841,Airbus,B692,30/12/2020,30/12/2028
PH-842,Embraer,T731,12/05/2017,12/05/2022
PH-843,Bombardier,R11f,23/11/2017,23/11/2026
PH-844,Boeing,M686,08/07/2016,08/07/2025
PH-845,Gulfstream,L52c,09/01/2016,09/01/2024
PH-846,Boeing,T50d,30/11/2016,30/11/2025
PH-847,Cessna,H254,03/06/2020,03/06/2026
PH-848,Gulfstream,Q67l,10/04/2015,10/04/2022
PH-849,Bombardier,P80h,03/11/2019,03/11/2027
PH-850,Pilatus,I72l,24/03/2016,24/03/2021
PH-851,Cessna,X27l,15/04/2017,15/04/2022
PH-852,Gulfstream,O94n,02/08/2016,02/08/2023
PH-853,Bombardier,A81m,27/10/2017,27/10/2023
PH-854,Airbus,A245,28/03/2015,28/03/2024
PH-855,Boeing,L31m,18/12/2016,18/12/2022
PH-856,Bombardier,N05h,27/10/2015,27/10/2020
PH-857,Boeing,F88t,06/02/2020,06/02/2025
PH-858,Pilatus,D198,23/04/2015,23/04/2025
PH-859,Gulfstream,R527,29/02/2020,28/02/2026
PH-860,Embraer,K801,28/10/2020,28/10/2027
PH-861,Boeing,L28t,10/03/2020,10/03/2025
PH-862,Bombardier,J35p,27/07/2015,27/07/2020
PH-863,Cessna,V71a,24/07/2017,24/07/2022
PH-864,Embraer,D29c,26/06/2017,26/06/2026
PH-865,Boeing,E43s,05/06/2018,05/06/2026
PH-866,Gulfstream,B08c,07/04/2015,07/04/2024
PH-867,Cessna,J78s,06/10/2015,06/10/2021
PH-868,Cessna,F46t,10/08/2016,10/08/2021
PH-869,Embraer,T09s,18/03/2020,18/03/2027
PH-870,Boeing,V16q,19/11/2017,19/11/2023
PH-871,Pilatus,U96r,09/01/2020,09/01/2025
PH-872,Airbus,J12k,15/06/2020,15/06/2030
PH-873,Boeing,L83l,04/10/2016,04/10/2024
PH-874,Gulfstream,O79m,16/03/2020,16/03/2027
PH-875,Boeing,I184,30/06/2020,30/06/2028
PH-876,Bombardier,E08y,03/03/2019,03/03/2028
PH-877,Boeing,B39s,06/12/2020,06/12/2029
PH-878,Boeing,C92r,03/09/2019,03/09/2026
PH-879,Bombardier,Q222,05/10/2016,05/10/2022
PH-880,Boeing,T164,20/08/2018,20/08/2024
PH-881,Cessna,S106,23/08/2015,23/08/2021
PH-882,Pilatus,O20o,19/08/2016,19/08/2023
PH-883,Airbus,Y24s,26/12/2020,26/12/2029
PH-884,Bombardier,W79v,07/01/2015,07/01/2024
PH-885,Boeing,A39a,23/07/2016,23/07/2025
PH-886,Airbus,K22l,22/07/2017,22/07/2024
PH-887,Boeing,Z23k,02/06/2020,02/06/2029
PH-888,Bombardier,E56o,18/07/2020,18/07/2026
PH-889,Pilatus,V872,28/07/2020,28/07/2029
PH-890,Airbus,L80b,07/10/2017,07/10/2027
PH-891,Boeing,Z924,06/07/2020,06/07/2029
PH-892,Embraer,N70m,02/05/2016,02/05/2025
PH-893,Boeing,M89e,05/02/2015,05/02/2023
PH-894,Embraer,D32x,05/07/2017,05/07/2023
PH-895,Bombardier,G56s,14/06/2016,14/06/2023
PH-896,Gulfstream,E74g,23/09/2016,23/09/2022
PH-897,Boeing,Y521,21/10/2019,21/10/2026
PH-898,Gulfstream,B90l,12/02/2016,12/02/2026
PH-899,Cessna,P223,27/01/2019,27/01/2029
PH-900,Gulfstream,B60w,21/10/2015,21/10/2020
PH-901,Cessna,K896,17/05/2020,17/05/2025
PH-902,Airbus,A95m,03/02/2016,03/02/2024
PH-903,Bombardier,Q909,01/05/2018,01/05/2023
PH-904,Embraer,X647,09/07/2017,09/07/2024
PH-905,Boeing,Z87c,05/01/2015,05/01/2025
PH-906,Pilatus,F69w,05/03/2015,05/03/2024
PH-907,Embraer,B12c,21/09/2016,21/09/2026
PH-908,Gulfstream,S475,27/09/2017,27/09/2025
PH-909,Embraer,K72o,09/03/2018,09/03/2024
PH-910,Cessna,U80y,27/01/2015,27/01/2024
PH-911,Bombardier,U99o,11/07/2017,11/07/2024
PH-912,Bombardier,K32b,29/10/2015,29/10/2022
PH-913,Pilatus,X54v,17/06/2015,17/06/2022
PH-914,Airbus,L49u,23/12/2018,23/12/2026
PH-915,Pilatus,W13n,13/02/2016,13/02/2021
PH-916,Airbus,N17o,03/12/2015,03/12/2021
PH-917,Embraer,M201,22/12/2016,22/12/2022
PH-918,Embraer,E41h,29/04/2017,29/04/2027
PH-919,Pilatus,C44l,08/05/2016,08/05/2022
PH-920,Airbus,D36p,24/08/2017,24/08/2024
PH-921,Bombardier,V93i,13/09/2018,13/09/2024
PH-922,Pilatus,T68b,06/10/2019,06/10/2024
PH-923,Pilatus,M70h,24/01/2015,24/01/2020
PH-924,Embraer,T379,09/02/2017,09/02/2026
PH-925,Pilatus,F76q,14/05/2019,14/05/2024
PH-926,Airbus,E03u,28/01/2016,28/01/2022
PH-927,Pilatus,X06v,17/01/2017,17/01/2024
PH-928,Boeing,E557,28/04/2017,28/04/2023
PH-929,Gulfstream,D551,11/04/2015,11/04/2025
PH-930,Airbus,U29o,20/12/2016,20/12/2025
PH-931,Pilatus,K27a,08/12/2017,08/12/2024
PH-932,Airbus,W07s,06/05/2016,06/05/2023
PH-933,Pilatus,Y80j,07/04/2018,07/04/2023
PH-934,Airbus,D96b,24/04/2017,24/04/2023
PH-935,Airbus,Y48t,16/09/2018,16/09/2025
PH-936,Pilatus,Q48b,02/06/2020,02/06/2030
PH-937,Gulfstream,H492,26/05/2017,26/05/2022
PH-938,Gulfstream,M58h,07/12/2020,07/12/2028
PH-939,Bombardier,H89u,05/08/2020,05/08/2028
PH-940,Embraer,U92v,13/04/2017,13/04/2024
PH-941,Cessna,V67q,13/01/2015,13/01/2025
PH-942,Cessna,D21b,25/03/2018,25/03/2023
PH-943,Gulfstream,R54b,24/09/2015,24/09/2024
PH-944,Pilatus,O94x,29/09/2018,29/09/2024
PH-945,Embraer,C52g,04/02/2016,04/02/2026
PH-946,Cessna,Z74y,24/07/2015,24/07/2025
PH-947,Cessna,R88a,28/05/2019,28/05/2029
PH-948,Bombardier,O12i,14/01/2019,14/01/2028
PH-949,Gulfstream,V581,27/01/2015,27/01/2020
PH-950,Embraer,R87c,06/03/2019,06/03/2029
PH-951,Gulfstream,A781,01/12/2020,01/12/2027
PH-952,Boeing,V878,11/01/2019,11/01/2026
PH-953,Bombardier,F74d,15/11/2020,15/11/2029
PH-954,Bombardier,I28s,05/03/2019,05/03/2024
PH-955,Pilatus,D488,24/07/2015,24/07/2021
PH-956,Pilatus,S10t,21/02/2019,21/02/2024
PH-957,Pilatus,X55e,22/12/2018,22/12/2027
PH-958,Bombardier,E89y,25/12/2015,25/12/2025
PH-959,Pilatus,X88h,26/09/2016,26/09/2021
PH-960,Airbus,K82r,19/10/2020,19/10/2026
PH-961,Boeing,O48w,29/12/2015,29/12/2023
PH-962,Airbus,W660,28/06/2016,28/06/2024
PH-963,Cessna,X73h,17/09/2016,17/09/2022
PH-964,Airbus,R49x,29/10/2019,29/10/2028
PH-965,Bombardier,T588,11/06/2015,11/06/2025
PH-966,Cessna,V88j,01/04/2019,01/04/2028
PH-967,Boeing,N64c,12/01/2017,12/01/2027
PH-968,Cessna,K48c,05/02/2015,05/02/2021
PH-969,Gulfstream,L51g,17/05/2016,17/05/2022
PH-970,Gulfstream,C740,28/12/2016,28/12/2023
PH-971,Embraer,A15e,07/12/2020,07/12/2025
PH-972,Embraer,Q76s,12/08/2015,12/08/2021
PH-973,Airbus,P775,11/09/2016,11/09/2023
PH-974,Cessna,G027,05/04/2017,05/04/2024
PH-975,Airbus,G68z,12/12/2020,12/12/2029
PH-976,Gulfstream,C62m,17/05/2020,17/05/2030
PH-977,Embraer,E17y,03/06/2018,03/06/2023
PH-978,Embraer,I97f,18/12/2020,18/12/2030
PH-979,Pilatus,Q42i,07/05/2019,07/05/2024
PH-980,Bombardier,F037,25/12/2017,25/12/2027
PH-981,Cessna,F26d,15/08/2015,15/08/2020
PH-982,Embraer,R65k,20/09/2017,20/09/2025
PH-983,Boeing,Q19z,23/05/2019,23/05/2024
PH-984,Gulfstream,S565,14/09/2016,14/09/2023
PH-985,Gulfstream,E67v,03/09/2019,03/09/2027
PH-986,Pilatus,C82o,23/03/2018,23/03/2025
PH-987,Boeing,K45s,22/01/2018,22/01/2028
PH-988,Boeing,T371,20/11/2019,20/11/2025
PH-989,Embraer,J03r,05/01/2019,05/01/2024
PH-990,Bombardier,Z323,12/12/2017,12/12/2025
PH-991,Boeing,O65o,09/03/2020,09/03/2029
PH-992,Cessna,J746,11/11/2015,11/11/2024
PH-993,Cessna,N274,28/07/2015,28/07/2023
PH-994,Bombardier,B157,01/11/2017,01/11/2024
PH-995,Airbus,Q47d,07/05/2016,07/05/2024
PH-996,Bombardier,F18h,18/11/2020,18/11/2025
PH-997,Gulfstream,J81v,02/07/2018,02/07/2025
PH-998,Cessna,K146,03/11/2017,03/11/2024
PH-999,Gulfstream,Y32t,12/07/2020,12/07/2025
PH-1000,Airbus,T09f,21/12/2016,21/12/2022
PH-1001,Cessna,L494,13/04/2018,13/04/2024
PH-1002,Pilatus,N68f,31/12/2016,31/12/2021
PH-1003,Airbus,F59j,09/12/2019,09/12/2024
PH-1004,Embraer,X22n,22/02/2018,22/02/2028
PH-1005,Airbus,L303,10/08/2017,10/08/2024
PH-1006,Pilatus,X32p,06/10/2018,06/10/2023
PH-1007,Boeing,H096,30/03/2018,30/03/2024
PH-1008,Bombardier,Y56k,25/03/2015,25/03/2023
PH-1009,Airbus,E43n,29/03/2018,29/03/2027
PH-1010,Gulfstream,H86k,24/01/2018,24/01/2024
PH-1011,Airbus,W298,09/11/2016,09/11/2021
PH-1012,Bombardier,Q70i,29/05/2018,29/05/2028
PH-1013,Boeing,I74q,01/03/2018,01/03/2026
PH-1014,Cessna,C17g,15/10/2019,15/10/2028
PH-1015,Pilatus,H979,19/07/2019,19/07/2028
PH-1016,Embraer,Z64u,12/06/2015,12/06/2024
PH-1017,Gulfstream,B56o,12/12/2017,12/12/2027
PH-1018,Bombardier,Y56u,28/06/2016,28/06/2023
PH-1019,Bombardier,J06c,04/12/2017,04/12/2023
PH-1020,Airbus,G527,11/07/2016,11/07/2022
PH-1021,Embraer,E42e,21/11/2016,21/11/2026
PH-1022,Airbus,W98b,01/09/2016,01/09/2024
PH-1023,Airbus,J075,25/10/2017,25/10/2024
PH-1024,Gulfstream,H40t,04/06/2016,04/06/2025
PH-1025,Airbus,Q34t,03/10/2016,03/10/2022
PH-1026,Bombardier,S85r,29/08/2015,29/08/2023
PH-1027,Embraer,U16s,06/12/2016,06/12/2021
PH-1028,Gulfstream,X494,25/08/2020,25/08/2030
PH-1029,Gulfstream,C29h,05/02/2020,05/02/2026
PH-1030,Airbus,K15p,13/03/2020,13/03/2029
PH-1031,Pilatus,H55m,07/09/2018,07/09/2023
PH-1032,Embraer,W730,22/05/2017,22/05/2022
PH-1033,Boeing,L209,16/05/2018,16/05/2025
PH-1034,Boeing,J46c,07/10/2016,07/10/2024
PH-1035,Pilatus,L865,03/02/2016,03/02/2024
PH-1036,Gulfstream,B92h,04/09/2016,04/09/2026
PH-1037,Pilatus,R168,08/04/2020,08/04/2027
PH-1038,Bombardier,N98e,08/02/2017,08/02/2026
PH-1039,Boeing,N99k,26/04/2020,26/04/2026
PH-1040,Gulfstream,I98f,19/10/2020,19/10/2026
PH-1041,Bombardier,O18a,21/10/2018,21/10/2026
PH-1042,Cessna,F09m,13/05/2017,13/05/2023
PH-1043,Airbus,F36c,08/09/2017,08/09/2022
PH-1044,Bombardier,Z09z,19/12/2019,19/12/2027
PH-1045,Pilatus,H454,25/01/2020,25/01/2025
PH-1046,Boeing,Z484,25/02/2019,25/02/2029
PH-1047,Pilatus,S57g,05/06/2018,05/06/2024
PH-1048,Pilatus,K15n,08/10/2016,08/10/2026
PH-1049,Gulfstream,W31a,17/02/2020,17/02/2028
PH-1050,Airbus,O64w,28/12/2020,28/12/2027
PH-1051,Embraer,G35f,04/01/2016,04/01/2026
PH-1052,Bombardier,V65n,11/06/2020,11/06/2027
PH-1053,Pilatus,M49i,27/05/2016,27/05/2025
PH-1054,Cessna,H62a,06/02/2020,06/02/2029
PH-1055,Airbus,Q366,21/05/2017,21/05/2025
PH-1056,Airbus,K90m,28/06/2015,28/06/2024
PH-1057,Bombardier,W594,25/05/2018,25/05/2026
PH-1058,Pilatus,X021,04/05/2020,04/05/2030
PH-1059,Cessna,T83w,05/11/2018,05/11/2027
PH-1060,Bombardier,E405,23/11/2020,23/11/2029
PH-1061,Embraer,X02b,20/06/2019,20/06/2024
PH-1062,Gulfstream,S48g,15/02/2020,15/02/2027
PH-1063,Boeing,X78q,24/07/2015,24/07/2023
PH-1064,Pilatus,Z60u,03/08/2017,03/08/2024
PH-1065,Bombardier,Y46d,22/01/2015,22/01/2021
PH-1066,Embraer,V37f,03/02/2015,03/02/2025
PH-1067,Cessna,X719,20/02/2015,20/02/2024
PH-1068,Pilatus,H81t,27/10/2015,27/10/2022
PH-1069,Airbus,R03u,13/09/2020,13/09/2025
PH-1070,Embraer,T85o,12/11/2016,12/11/2024
PH-1071,Airbus,Y38s,14/03/2020,14/03/2029
PH-1072,Airbus,C319,30/10/2019,30/10/2025
PH-1073,Boeing,C72s,24/06/2017,24/06/2025
PH-1074,Cessna,X20w,24/05/2018,24/05/2028
PH-1075,Cessna,G62x,21/09/2019,21/09/2025
PH-1076,Cessna,X405,10/06/2019,10/06/2025
PH-1077,Boeing,M308,28/03/2017,28/03/2023
PH-1078,Boeing,J64e,02/06/2018,02/06/2025
PH-1079,Bombardier,L27t,15/07/2017,15/07/2025
PH-1080,Bombardier,D00r,24/12/2017,24/12/2025
PH-1081,Airbus,E01s,21/07/2020,21/07/2030
PH-1082,Gulfstream,C202,26/01/2015,26/01/2023
PH-1083,Bombardier,B668,21/03/2016,21/03/2021
PH-1084,Airbus,R46y,15/10/2019,15/10/2027
PH-1085,Boeing,F443,01/06/2015,01/06/2025
PH-1086,Gulfstream,O207,04/01/2020,04/01/2028
PH-1087,Cessna,O82c,02/03/2018,02/03/2025
PH-1088,Airbus,E78c,07/12/2018,07/12/2023
PH-1089,Cessna,Y24f,09/05/2017,09/05/2024
PH-1090,Pilatus,P08j,14/04/2015,14/04/2022
PH-1091,Bombardier,U454,01/06/2018,01/06/2023
PH-1092,Cessna,F53n,14/07/2020,14/07/2026
PH-1093,Airbus,L86n,05/03/2019,05/03/2025
PH-1094,Bombardier,L01x,28/04/2018,28/04/2027
PH-1095,Airbus,X46c,22/06/2019,22/06/2024
PH-1096,Airbus,O146,23/12/2020,23/12/2027
PH-1097,Pilatus,W79j,20/07/2017,20/07/2027
PH-1098,Embraer,F40g,12/02/2016,12/02/2021
PH-1099,Boeing,L42i,21/11/2017,21/11/2022
PH-1100,Pilatus,E267,23/10/2015,23/10/2020
PH-1101,Boeing,J67e,29/10/2020,29/10/2030
PH-1102,Pilatus,M226,07/05/2020,07/05/2028
PH-1103,Airbus,M07c,26/01/2019,26/01/2027
PH-1104,Boeing,T174,18/05/2019,18/05/2028
PH-1105,Gulfstream,O138,08/03/2018,08/03/2027
PH-1106,Gulfstream,F88r,25/02/2018,25/02/2026
PH-1107,Boeing,M831,24/06/2018,24/06/2028
PH-1108,Embraer,Z381,14/01/2016,14/01/2023
PH-1109,Bombardier,U36q,09/12/2017,09/12/2023
PH-1110,Embraer,F67u,01/02/2016,01/02/2023
PH-1111,Boeing,O075,07/12/2019,07/12/2026
PH-1112,Pilatus,T59x,08/12/2020,08/12/2029
PH-1113,Boeing,E17f,08/09/2017,08/09/2022
PH-1114,Bombardier,E77y,17/01/2015,17/01/2020
PH-1115,Airbus,H37x,02/08/2017,02/08/2024
PH-1116,Airbus,Z07n,07/02/2016,07/02/2025
PH-1117,Airbus,O778,17/02/2015,17/02/2025
PH-1118,Bombardier,P879,16/09/2018,16/09/2024
PH-1119,Boeing,C15o,03/11/2018,03/11/2023
PH-1120,Embraer,N76j,23/07/2015,23/07/2022
PH-1121,Boeing,X85y,21/08/2017,21/08/2025
PH-1122,Airbus,H99n,19/10/2020,19/10/2027
PH-1123,Boeing,P84g,12/12/2016,12/12/2025
PH-1124,Boeing,X443,15/07/2019,15/07/2027
PH-1125,Pilatus,D08d,04/10/2016,04/10/2021
PH-1126,Gulfstream,V22z,02/04/2017,02/04/2026
PH-1127,Pilatus,S599,17/02/2016,17/02/2021
PH-1128,Pilatus,Z990,05/06/2015,05/06/2023
